{"cameraMode":{"drawMode":0,"name":"Shaded","section":"Shading Mode"},"sceneLighting":false,"audioPlay":false,"sceneViewState":{"showFog":true,"showMaterialUpdate":true,"showSkybox":false,"showFlares":true,"showImageEffects":true,"showParticleSystems":true},"in2DMode":false,"pivot":{"x":0.0,"y":3.1763735522036265e-22,"z":-0.000003814697265625},"rotation":{"x":-0.33527082204818728,"y":0.024301882833242418,"z":-0.008660622872412205,"w":-0.9418033957481384},"size":233.34524536132813,"orthographic":false}