{"cameraMode":{"drawMode":0,"name":"Shaded","section":"Shading Mode"},"sceneLighting":false,"audioPlay":false,"sceneViewState":{"showFog":false,"showMaterialUpdate":false,"showSkybox":false,"showFlares":false,"showImageEffects":false,"showParticleSystems":false},"in2DMode":false,"pivot":{"x":601.3091430664063,"y":155.43411254882813,"z":-16.161346435546876},"rotation":{"x":0.08066762983798981,"y":-0.0769796296954155,"z":0.006345952861011028,"w":0.9938144683837891},"size":125.2759780883789,"orthographic":false}