{"cameraMode":{"drawMode":0,"name":"Shaded","section":"Shading Mode"},"sceneLighting":true,"audioPlay":false,"sceneViewState":{"showFog":true,"showMaterialUpdate":true,"showSkybox":true,"showFlares":true,"showImageEffects":true,"showParticleSystems":true},"in2DMode":false,"pivot":{"x":527.7014770507813,"y":194.018310546875,"z":42.74125671386719},"rotation":{"x":-0.26572340726852419,"y":0.08403009176254273,"z":-0.02327273041009903,"w":-0.960134744644165},"size":271.4189453125,"orthographic":false}