{"cameraMode":{"drawMode":0,"name":"Shaded","section":"Shading Mode"},"sceneLighting":false,"audioPlay":false,"sceneViewState":{"showFog":true,"showMaterialUpdate":true,"showSkybox":false,"showFlares":true,"showImageEffects":true,"showParticleSystems":true},"in2DMode":false,"pivot":{"x":315.0,"y":138.56436157226563,"z":-152.20001220703126},"rotation":{"x":-0.06790813058614731,"y":0.9264330863952637,"z":-0.30958688259124758,"w":-0.20328280329704286},"size":2377.8330078125,"orthographic":false}