{"cameraMode":{"drawMode":0,"name":"Shaded","section":"Shading Mode"},"sceneLighting":false,"audioPlay":false,"sceneViewState":{"showFog":true,"showMaterialUpdate":true,"showSkybox":true,"showFlares":true,"showImageEffects":true,"showParticleSystems":true},"in2DMode":false,"pivot":{"x":826.4599609375,"y":291.6097412109375,"z":415.7146301269531},"rotation":{"x":-0.10815438628196717,"y":0.6892802715301514,"z":-0.10527172684669495,"w":-0.7086741924285889},"size":450.5783996582031,"orthographic":false}