{"cameraMode":{"drawMode":0,"name":"Shaded","section":"Shading Mode"},"sceneLighting":true,"audioPlay":false,"sceneViewState":{"showFog":false,"showMaterialUpdate":false,"showSkybox":false,"showFlares":false,"showImageEffects":false,"showParticleSystems":false},"in2DMode":false,"pivot":{"x":510.2461242675781,"y":126.7726058959961,"z":47.64181900024414},"rotation":{"x":0.1723826676607132,"y":-0.355838418006897,"z":0.06695897877216339,"w":0.9160732626914978},"size":57.23994064331055,"orthographic":false}